{
  "PL": {
    "xi": 0.003,
    "xg_weight": 0.75,
    "n": 1136,
    "accuracy": 0.5369718309859155,
    "rps": 0.19897205071304375,
    "brier": 0.5815982913326876,
    "market_n": 1136,
    "model_rps_on_market_subset": 0.19897205071304375,
    "model_accuracy_on_market_subset": 0.5369718309859155,
    "market_accuracy": 0.5492957746478874,
    "market_rps": 0.1939353157284316,
    "market_brier": 0.5706009909174188
  },
  "LALIGA": {
    "xi": 0.0018,
    "xg_weight": 0.75,
    "n": 1137,
    "accuracy": 0.5356200527704486,
    "rps": 0.1935772553504332,
    "brier": 0.5750170445296299,
    "market_n": 1137,
    "model_rps_on_market_subset": 0.1935772553504332,
    "model_accuracy_on_market_subset": 0.5356200527704486,
    "market_accuracy": 0.5523306948109059,
    "market_rps": 0.18884742158319187,
    "market_brier": 0.5653935950355511
  },
  "BUNDESLIGA": {
    "xi": 0.003,
    "xg_weight": 1.0,
    "n": 769,
    "accuracy": 0.5214564369310793,
    "rps": 0.20012849496525656,
    "brier": 0.5899583277205491,
    "market_n": 769,
    "model_rps_on_market_subset": 0.20012849496525656,
    "model_accuracy_on_market_subset": 0.5214564369310793,
    "market_accuracy": 0.5474642392717816,
    "market_rps": 0.19443591446955835,
    "market_brier": 0.5767779053386846
  },
  "LIGUE1": {
    "xi": 0.0018,
    "xg_weight": 0.75,
    "n": 916,
    "accuracy": 0.5262008733624454,
    "rps": 0.20829264454338456,
    "brier": 0.597116750910982,
    "market_n": 916,
    "model_rps_on_market_subset": 0.20829264454338456,
    "model_accuracy_on_market_subset": 0.5262008733624454,
    "market_accuracy": 0.5338427947598253,
    "market_rps": 0.20259621850176687,
    "market_brier": 0.5851164291423305
  }
}