{
  "PL": {
    "xi": 0.003,
    "xg_weight": 0.75,
    "n": 1136,
    "accuracy": 0.5369718309859155,
    "rps": 0.20005440455483495,
    "brier": 0.5838194530923801,
    "market_n": 1136,
    "model_rps_on_market_subset": 0.20005440455483495,
    "model_accuracy_on_market_subset": 0.5369718309859155,
    "market_accuracy": 0.5492957746478874,
    "market_rps": 0.1939353157284316,
    "market_brier": 0.5706009909174188
  },
  "LALIGA": {
    "xi": 0.0018,
    "xg_weight": 0.75,
    "n": 1137,
    "accuracy": 0.5338610378188214,
    "rps": 0.19437057991543596,
    "brier": 0.576767550679441,
    "market_n": 1137,
    "model_rps_on_market_subset": 0.19437057991543596,
    "model_accuracy_on_market_subset": 0.5338610378188214,
    "market_accuracy": 0.5523306948109059,
    "market_rps": 0.18884742158319187,
    "market_brier": 0.5653935950355511
  },
  "BUNDESLIGA": {
    "xi": 0.0018,
    "xg_weight": 1.0,
    "n": 769,
    "accuracy": 0.5188556566970091,
    "rps": 0.20104128676594935,
    "brier": 0.5912959086467656,
    "market_n": 769,
    "model_rps_on_market_subset": 0.20104128676594935,
    "model_accuracy_on_market_subset": 0.5188556566970091,
    "market_accuracy": 0.5474642392717816,
    "market_rps": 0.19443591446955835,
    "market_brier": 0.5767779053386846
  },
  "LIGUE1": {
    "xi": 0.0018,
    "xg_weight": 0.75,
    "n": 916,
    "accuracy": 0.5240174672489083,
    "rps": 0.20841291801958517,
    "brier": 0.5973946911270943,
    "market_n": 916,
    "model_rps_on_market_subset": 0.20841291801958517,
    "model_accuracy_on_market_subset": 0.5240174672489083,
    "market_accuracy": 0.5338427947598253,
    "market_rps": 0.20259621850176687,
    "market_brier": 0.5851164291423305
  }
}