{
  "PL": {
    "xi": 0.003,
    "xg_weight": 0.5,
    "n": 1136,
    "accuracy": 0.5316901408450704,
    "rps": 0.19862845857751907,
    "brier": 0.5805198646458347,
    "market_n": 1136,
    "model_rps_on_market_subset": 0.19862845857751907,
    "model_accuracy_on_market_subset": 0.5316901408450704,
    "market_accuracy": 0.5492957746478874,
    "market_rps": 0.1939353157284316,
    "market_brier": 0.5706009909174188
  },
  "LALIGA": {
    "xi": 0.0018,
    "xg_weight": 0.75,
    "n": 1137,
    "accuracy": 0.5338610378188214,
    "rps": 0.1933665284155848,
    "brier": 0.5746008810105685,
    "market_n": 1137,
    "model_rps_on_market_subset": 0.1933665284155848,
    "model_accuracy_on_market_subset": 0.5338610378188214,
    "market_accuracy": 0.5523306948109059,
    "market_rps": 0.18884742158319187,
    "market_brier": 0.5653935950355511
  },
  "BUNDESLIGA": {
    "xi": 0.0045,
    "xg_weight": 0.75,
    "n": 769,
    "accuracy": 0.5136540962288687,
    "rps": 0.2007051324106902,
    "brier": 0.5931233518855372,
    "market_n": 769,
    "model_rps_on_market_subset": 0.2007051324106902,
    "model_accuracy_on_market_subset": 0.5136540962288687,
    "market_accuracy": 0.5474642392717816,
    "market_rps": 0.19443591446955835,
    "market_brier": 0.5767779053386846
  },
  "LIGUE1": {
    "xi": 0.0018,
    "xg_weight": 0.5,
    "n": 916,
    "accuracy": 0.527292576419214,
    "rps": 0.20899600215039144,
    "brier": 0.5997049429998398,
    "market_n": 916,
    "model_rps_on_market_subset": 0.20899600215039144,
    "model_accuracy_on_market_subset": 0.527292576419214,
    "market_accuracy": 0.5338427947598253,
    "market_rps": 0.20259621850176687,
    "market_brier": 0.5851164291423305
  }
}